{
	"name": {
		"en": "📏 Noise Channel (2/3): Linear-feedback shift register",
		"es": "📏 Canal Ruido (2/3): Shift register de feedback lineal"
	},
	"ui": {
		"run": "copy.js",
		"layout": "tripleRight",
		"components": {
			"Right": [
				"multifile",
				{
					"language": "javascript",
					"action": "run"
				}
			],
			"Bottom": [
				"console",
				{
					"startup": "chat"
				}
			],
			"Top": [
				"tv",
				{
					"content": null,
					"type": "rom"
				}
			]
		},
		"focus": "Bottom",
		"canPinEmulator": false
	},
	"test": {
		"context": "javascript",
		"inherit": ["cartridge.js", "bus.js", "apu.js"],
		"mainTestFile": "apu.js"
	},
	"audioTests": [
		{
			"rom": "/roms/_test/game_climber.neees",
			"frames": 300,
			"apu": "TestAPU.v11.js"
		},
		{
			"rom": "/roms/.all/DizzySheepDisaster.neees",
			"frames": 300,
			"apu": "TestAPU.v11.js"
		},
		{
			"rom": "/roms/.all/FilthyKitchen.neees",
			"frames": 300,
			"apu": "TestAPU.v11.js"
		},
		{
			"rom": "/roms/.all/RavensGate.neees",
			"frames": 300,
			"apu": "TestAPU.v11.js"
		},
		{
			"rom": "/roms/_test/hello_world.neees",
			"frames": 200,
			"apu": "TestAPU.v11.js"
		},
		{
			"rom": "/roms/_test/apu_sweep.neees",
			"frames": 240,
			"apu": "TestAPU.v11.js"
		},
		{
			"rom": "/roms/_test/apu_triangle_regular_length.neees",
			"frames": 60,
			"apu": "TestAPU.v11.js"
		}
	],
	"memory": {
		"content": {
			"multifile": true
		}
	}
}
