{
	"name": {
		"en": "📍 Addressing modes (3/3)",
		"es": "📍 Modos de direccionamiento (3/3)"
	},
	"ui": {
		"layout": "triple",
		"components": {
			"Left": [
				"console",
				{
					"startup": "chat",
					"availableCommands": ["chat", "help", "clear"]
				}
			],
			"Bottom": [
				"cpu",
				{
					"delay": 250,
					"hideStack": true
				}
			],
			"Top": [
				"code",
				{
					"language": "asm",
					"initialCodeFile": "content.asm",
					"readOnly": true,
					"action": "step",
					"onlyEnableActionWhen": "m.$canRun"
				}
			]
		},
		"focus": "Left"
	},
	"test": {
		"context": "asm",
		"precode": "pre.asm"
	},
	"help": {
		"addLines": [7, 8]
	}
}
