{
	"name": {
		"en": "🔀 Frame Sequencer",
		"es": "🔀 Secuenciador de Frame"
	},
	"ui": {
		"layout": "tripleRight",
		"components": {
			"Right": [
				"multifile",
				{
					"language": "javascript",
					"action": "run"
				}
			],
			"Bottom": [
				"console",
				{
					"startup": "chat"
				}
			],
			"Top": [
				"tv",
				{
					"content": null,
					"type": "rom"
				}
			]
		},
		"focus": "Bottom",
		"canPinEmulator": false
	},
	"test": {
		"context": "javascript",
		"inherit": ["cartridge.js", "bus.js", "apu.js"],
		"mainTestFile": "apu.js"
	},
	"audioTests": [
		{
			"rom": "/roms/_test/game_climber.neees",
			"frames": 300,
			"apu": "TestAPU.v3.js"
		},
		{
			"rom": "/roms/.all/DizzySheepDisaster.neees",
			"frames": 300,
			"apu": "TestAPU.v3.js"
		},
		{
			"rom": "/roms/.all/Falling.neees",
			"frames": 300,
			"apu": "TestAPU.v3.js"
		},
		{
			"rom": "/roms/.all/FilthyKitchen.neees",
			"frames": 300,
			"apu": "TestAPU.v3.js"
		},
		{
			"rom": "/roms/.all/TeslaVsEdison.neees",
			"frames": 300,
			"apu": "TestAPU.v3.js"
		}
	],
	"memory": {
		"content": {
			"multifile": true
		}
	}
}
