{
	"name": {
		"en": "🎮 Controller",
		"es": "🎮 Mando"
	},
	"ui": {
		"run": "copy.js",
		"layout": "dual",
		"components": {
			"Left": [
				"console",
				{
					"startup": "chat"
				}
			],
			"Right": [
				"multifile",
				{
					"language": "javascript",
					"action": "run"
				}
			]
		},
		"focus": "Left"
	},
	"test": {
		"context": "javascript",
		"inherit": ["cartridge.js", "bus.js"],
		"mainTestFile": "bus.js"
	},
	"memory": {
		"content": {
			"multifile": true
		}
	},
	"unlocksGame": "lets-play-jupiter-scope-2"
}
