{
	"name": {
		"en": "🤏 DMC Channel (2/2): DPCM",
		"es": "🤏 Canal DMC (2/2): DPCM"
	},
	"ui": {
		"run": "copy.js",
		"layout": "tripleRight",
		"components": {
			"Right": [
				"multifile",
				{
					"language": "javascript",
					"action": "run"
				}
			],
			"Bottom": [
				"console",
				{
					"startup": "chat"
				}
			],
			"Top": [
				"tv",
				{
					"content": null,
					"type": "rom"
				}
			]
		},
		"focus": "Bottom",
		"canPinEmulator": false
	},
	"test": {
		"context": "javascript",
		"inherit": ["cartridge.js", "bus.js", "apu.js"],
		"mainTestFile": "apu.js"
	},
	"audioTests": [
		{
			"rom": "/roms/_test/apu_full_song.neees",
			"frames": 300,
			"apu": "TestAPU.v14.js"
		},
		{
			"rom": "/roms/_test/game_climber.neees",
			"frames": 300,
			"apu": "TestAPU.v14.js"
		},
		{
			"rom": "/roms/.all/DizzySheepDisaster.neees",
			"frames": 300,
			"apu": "TestAPU.v14.js"
		},
		{
			"rom": "/roms/.all/FilthyKitchen.neees",
			"frames": 300,
			"apu": "TestAPU.v14.js"
		},
		{
			"rom": "/roms/.all/RavensGate.neees",
			"frames": 300,
			"apu": "TestAPU.v14.js"
		},
		{
			"rom": "/roms/_test/hello_world.neees",
			"frames": 200,
			"apu": "TestAPU.v14.js"
		},
		{
			"rom": "/roms/_test/apu_sweep.neees",
			"frames": 240,
			"apu": "TestAPU.v14.js"
		},
		{
			"rom": "/roms/_test/apu_triangle_regular_length.neees",
			"frames": 60,
			"apu": "TestAPU.v14.js"
		},
		{
			"rom": "/roms/_test/apu_noise.neees",
			"frames": 400,
			"apu": "TestAPU.v14.js"
		},
		{
			"rom": "/roms/_test/apu_dmc_directload_crowd.neees",
			"frames": 300,
			"apu": "TestAPU.v14.js"
		}
	],
	"memory": {
		"content": {
			"multifile": true
		}
	}
}
