{
	"name": {
		"en": "🎯 Scrolling (2/2): The Right Way™",
		"es": "🎯 Scrolling (2/2): Haciéndolo bien™"
	},
	"ui": {
		"run": "copy.js",
		"layout": "tripleRight",
		"components": {
			"Right": [
				"multifile",
				{
					"language": "javascript",
					"action": "run"
				}
			],
			"Bottom": [
				"console",
				{
					"startup": "chat"
				}
			],
			"Top": [
				"tv",
				{
					"content": null,
					"type": "rom"
				}
			]
		},
		"focus": "Bottom",
		"canPinEmulator": false
	},
	"test": {
		"context": "javascript",
		"inherit": ["cartridge.js", "bus.js", "ppu.js"],
		"mainTestFile": "ppu.js"
	},
	"videoTests": [
		{
			"rom": "/roms/_test/240p_test_suite.neees",
			"frames": 120,
			"ppu": "TestPPU.v13.js",
			"saveState": "240ptestsuite_scroll_hill.ss"
		},
		{
			"rom": "/roms/_test/ppu_road.neees",
			"frames": 240,
			"ppu": "TestPPU.v13.js"
		},
		{
			"rom": "/roms/_test/game_solarian.neees",
			"frames": 90,
			"ppu": "TestPPU.v13.js"
		},
		{
			"rom": "/roms/.all/DizzySheepDisaster.neees",
			"frames": 90,
			"ppu": "TestPPU.v13.js"
		},
		{
			"rom": "/roms/.all/SuperTiltBro.neees",
			"frames": 120,
			"ppu": "TestPPU.v13.js"
		},
		{
			"rom": "/roms/_test/ppu_sprite0hit.neees",
			"frames": 150,
			"ppu": "TestPPU.v13.js"
		},
		{
			"rom": "/roms/_test/ppu_palette_ram.neees",
			"frames": 30,
			"ppu": "TestPPU.v13.js"
		},
		{
			"rom": "/roms/_test/240p_test_suite.neees",
			"frames": 120,
			"ppu": "TestPPU.v13.js",
			"saveState": "240ptestsuite_scroll_vertical.ss"
		},
		{
			"rom": "/roms/_test/ppu_split_statusbar.neees",
			"frames": 120,
			"ppu": "TestPPU.v13.js"
		},
		{
			"rom": "/roms/_test/ppu_masking.neees",
			"frames": 90,
			"ppu": "TestPPU.v13.js"
		}
	],
	"memory": {
		"content": {
			"multifile": true
		}
	},
	"unlocksGame": "lets-play-minekart-madness"
}
