{
	"name": {
		"en": "⚙️ Integrating our work",
		"es": "⚙️ Integrando nuestro trabajo"
	},
	"ui": {
		"layout": "dual",
		"components": {
			"Left": [
				"console",
				{
					"startup": "chat"
				}
			],
			"Right": ["tv", { "type": "rom", "withFileSearch": true }]
		},
		"focus": "Left",
		"canPinEmulator": false,
		"debuggerPinType": ""
	},
	"test": {
		"context": "javascript",
		"inherit": ["cartridge.js"]
	},
	"memory": {
		"content": {
			"multifile": true,
			"protected": true
		}
	}
}
