{
	"name": {
		"en": "🔀 Instructions (4/5): Branching",
		"es": "🔀 Instrucciones (4/5): Bifurcaciones"
	},
	"ui": {
		"layout": "dual",
		"components": {
			"Left": [
				"console",
				{
					"startup": "chat"
				}
			],
			"Right": [
				"multifile",
				{
					"language": "javascript",
					"action": "run"
				}
			]
		},
		"focus": "Left"
	},
	"test": {
		"context": "javascript",
		"inherit": [
			"cartridge.js",
			"bus.js",
			"cpu.js",
			"cpu_instructions_1.js",
			"cpu_instructions_2.js",
			"cpu_instructions_3.js",
			"cpu_instructions_4.js"
		],
		"mainTestFile": "cpu_instructions_4.js"
	},
	"memory": {
		"content": {
			"multifile": true
		}
	}
}
