{
	"name": {
		"en": "⚙️ Integrating the CPU",
		"es": "⚙️ Integrando la CPU"
	},
	"ui": {
		"layout": "dual",
		"components": {
			"Left": [
				"console",
				{
					"startup": "chat"
				}
			],
			"Right": ["tv", { "type": "rom", "withFileSearch": true }]
		},
		"focus": "Left",
		"canPinEmulator": false,
		"debuggerPinType": ""
	},
	"test": {
		"context": "javascript",
		"inherit": [
			"cartridge.js",
			"bus.js",
			"cpu.js",
			"cpu_instructions_1.js",
			"cpu_instructions_2.js",
			"cpu_instructions_3.js",
			"cpu_instructions_4.js",
			"cpu_instructions_5.js",
			"cpu_addressing_modes_1.js",
			"cpu_addressing_modes_2.js"
		]
	},
	"memory": {
		"content": {
			"multifile": true,
			"protected": true
		}
	}
}
