{
	"name": {
		"en": "📍 Addressing modes (1/2): Simple",
		"es": "📍 Modos de direccionamiento (1/2): Simples"
	},
	"ui": {
		"run": "copy.js",
		"layout": "dual",
		"components": {
			"Left": [
				"console",
				{
					"startup": "chat"
				}
			],
			"Right": [
				"multifile",
				{
					"language": "javascript",
					"action": "run"
				}
			]
		},
		"focus": "Left"
	},
	"test": {
		"context": "javascript",
		"inherit": [
			"cartridge.js",
			"bus.js",
			"cpu.js",
			"cpu_instructions_1.js",
			"cpu_instructions_2.js",
			"cpu_instructions_3.js",
			"cpu_instructions_4.js",
			"cpu_instructions_5.js",
			"cpu_addressing_modes_1.js"
		],
		"mainTestFile": "cpu_addressing_modes_1.js"
	},
	"memory": {
		"content": {
			"multifile": true
		}
	}
}
