{
	"name": {
		"en": "🧱 Stack",
		"es": "🧱 Pila"
	},
	"ui": {
		"layout": "triple",
		"components": {
			"Left": [
				"console",
				{
					"startup": "chat",
					"availableCommands": ["chat", "test", "help", "clear"]
				}
			],
			"Bottom": [
				"cpu",
				{
					"delay": 250
				}
			],
			"Top": [
				"code",
				{
					"language": "asm",
					"initialCodeFile": "content.asm",
					"action": "step",
					"onlyEnableActionWhen": "m.$canRun",
					"onlyEnableEditionWhen": "m.$canEdit"
				}
			]
		},
		"focus": "Left"
	},
	"test": {
		"context": "asm"
	},
	"memory": {
		"content": {
			"useTemp": true
		}
	},
	"help": {
		"addLines": [25, 26]
	}
}
