{
	"name": {
		"en": "🔄 CPU, PPU and APU sync",
		"es": "🔄 CPU, PPU and APU sync"
	},
	"ui": {
		"layout": "dual",
		"components": {
			"Left": [
				"console",
				{
					"startup": "chat"
				}
			],
			"Right": [
				"code",
				{
					"language": "javascript",
					"action": "none",
					"initialCodeFile": "Emulator.example.js",
					"readOnly": true
				}
			]
		},
		"focus": "Left"
	},
	"test": {
		"context": "javascript",
		"inherit": []
	},
	"memory": {
		"content": {
			"protected": true
		}
	}
}
