{
	"name": {
		"en": "🖼️ Frame buffer",
		"es": "🖼️ Frame buffer"
	},
	"ui": {
		"run": "copy.js",
		"layout": "tripleRight",
		"components": {
			"Right": [
				"multifile",
				{
					"language": "javascript",
					"action": "run"
				}
			],
			"Bottom": [
				"console",
				{
					"startup": "chat"
				}
			],
			"Top": [
				"tv",
				{
					"content": null,
					"type": "rom"
				}
			]
		},
		"focus": "Bottom",
		"canPinEmulator": false
	},
	"test": {
		"context": "javascript",
		"inherit": ["cartridge.js", "bus.js", "ppu.js"],
		"mainTestFile": "ppu.js"
	},
	"videoTests": [
		{
			"rom": "/roms/_test/NEEEStest.neees",
			"frames": 180,
			"ppu": "TestPPU.v1.js"
		}
	],
	"memory": {
		"content": {
			"multifile": true
		}
	}
}
