{
	"name": {
		"en": "🌸 Emulator frontend",
		"es": "🌸 Frontend del emulador"
	},
	"ui": {
		"layout": "dual",
		"components": {
			"Left": [
				"console",
				{
					"startup": "chat"
				}
			],
			"Right": [
				"code",
				{
					"language": "javascript",
					"action": "none",
					"readOnly": true,
					"extraLangOptions": {
						"parserOptions": { "ecmaFeatures": { "jsx": true } }
					}
				}
			]
		},
		"focus": "Left"
	},
	"test": {
		"context": "javascript",
		"inherit": []
	},
	"memory": {
		"content": {
			"protected": true
		}
	}
}
