{
	"name": {
		"en": "🌉 VRAM bridge",
		"es": "🌉 Puente de VRAM"
	},
	"ui": {
		"layout": "tripleRight",
		"components": {
			"Right": [
				"multifile",
				{
					"language": "javascript",
					"action": "run"
				}
			],
			"Bottom": [
				"console",
				{
					"startup": "chat"
				}
			],
			"Top": [
				"tv",
				{
					"content": null,
					"type": "rom"
				}
			]
		},
		"focus": "Bottom",
		"canPinEmulator": false
	},
	"test": {
		"context": "javascript",
		"inherit": ["cartridge.js", "bus.js", "ppu.js"],
		"mainTestFile": "ppu.js"
	},
	"videoTests": [
		{
			"rom": "/roms/.all/Spacegulls.neees",
			"frames": 90,
			"ppu": "TestPPU.v3.js"
		},
		{
			"rom": "/roms/_test/NEEEStest.neees",
			"frames": 90,
			"ppu": "TestPPU.v3.js"
		},
		{
			"rom": "/roms/_test/hello_world.neees",
			"frames": 90,
			"ppu": "TestPPU.v3.js"
		}
	],
	"memory": {
		"content": {
			"multifile": true
		}
	}
}
