{
	"name": {
		"en": "🗣️ Reading the header",
		"es": "🗣️ Leyendo la cabecera"
	},
	"ui": {
		"run": "copy.js",
		"layout": "dual",
		"components": {
			"Left": [
				"console",
				{
					"startup": "chat"
				}
			],
			"Right": [
				"multifile",
				{
					"language": "javascript",
					"action": "run"
				}
			]
		},
		"focus": "Left"
	},
	"test": {
		"context": "javascript",
		"inherit": ["cartridge.js"]
	},
	"memory": {
		"content": {
			"multifile": true
		}
	},
	"unlocksGame": "lets-play-nalleland"
}
